,model,p,dtrue,d,M,npc,means_ar,lambda_ar,intensity,mode_nclus,avg_nclus,avg_nonalloc,ri_best_clus,CI_ris,ranges
0,APPLAM,2,1,1,1,4000,0.26816682013505216,,10,5,5.43,7.19,0.300683295823956,"(0.3205206427549258, 0.32550331573469665)",-9.647409116002308
1,Isotropic,2,1,1,1,4000,0.23836509963914138,,10,11,11.098,7.578,0.13109927481870468,"(0.13651906827091645, 0.1377688197010766)",-9.647409116002308
