,n_dataset,model,p,d,M,npc,means_ar,lambda_ar,intensity,mode_nclus,avg_nclus,avg_nonalloc,ari_best_clus,CI_aris
0,0,APPLAM,500,4,4,250,0.0749272179375862,0.07908333333333334,0.5,8,8.5518,0.4944,0.7585584218126108,"(0.7316410419476764, 0.7364765596426499)"
1,0,APPLAM,500,4,4,250,0.08497192174532443,0.07008333333333333,1.0,10,10.028,0.9166,0.6687884898787358,"(0.644912379123825, 0.6492923313174753)"
2,0,APPLAM,500,4,4,250,0.10612062641533505,0.07025,5.0,14,13.0932,4.4184,0.5257527037485366,"(0.5335354812920896, 0.5371168327926517)"
