,model,p,dtrue,d,M,npc,means_ar,lambda_ar,intensity,mode_nclus,avg_nclus,avg_nonalloc,ri_best_clus,CI_ris,ranges
0,APPLAM,100,2,2,2,500,0.26455761497790126,0.2036909090909091,1,3,3.0,0.4016,0.8207087087087087,"(0.8221294395273709, 0.8223042261382946)",-56.03096349728976
1,Isotropic,100,2,2,2,500,0.2805730463629834,0.027909090909090908,1,7,7.0,1.1608,0.621011011011011,"(0.6230502891777254, 0.6231876575690214)",-56.03096349728976
