,model,p,dtrue,d,M,npc,means_ar,lambda_ar,intensity,mode_nclus,avg_nclus,avg_nonalloc,ari_best_clus,CI_aris,ranges
0,APPLAM,2,2,2,4,20,0.07445589919816724,,10,2,2.1825,0.9325,0.49032258064516127,"(0.48933022682432603, 0.4932547053715932)",-6.0
1,Isotropic,2,2,2,4,20,0.04860267314702309,,10,2,2.0575,0.9075,0.49032258064516127,"(0.49061656807113196, 0.49512444718883153)",-6.0
