,model,p,dtrue,d,M,npc,means_ar,lambda_ar,intensity,mode_nclus,avg_nclus,avg_nonalloc,ari_best_clus,CI_aris,ranges
0,APPLAM,2,2,2,4,20,0.2691562717905013,0.19542857142857142,10,8,8.118125,0.81,0.28611986289512864,"(0.2873216500949818, 0.291324601462322)",-6.0
1,Isotropic,2,2,2,4,20,0.26909828380416617,0.030357142857142857,10,6,6.22875,1.36875,0.9511495868233177,"(0.9046558964643967, 0.9107812411316158)",-6.0
