,model,p,dtrue,d,M,npc,means_ar,lambda_ar,intensity,mode_nclus,avg_nclus,avg_nonalloc,ari_best_clus,CI_aris,ranges
0,APPLAM,2,2,2,4,20,0.053128689492325853,,10,2,2.1175,0.8525,0.49032258064516127,"(0.49585223138578116, 0.5024370255374253)",-6.0
1,Isotropic,2,2,2,4,20,0.05,,10,2,2.05,1.06,0.49032258064516127,"(0.49183928810482863, 0.49787766207082945)",-6.0
