,model,p,dtrue,d,M,npc,means_ar,lambda_ar,intensity,mode_nclus,avg_nclus,avg_nonalloc,ari_best_clus,CI_aris,ranges
0,APPLAM,2,2,2,4,20,0.06791569086651054,,10,2,2.135,0.725,0.49032258064516127,"(0.489197794509614, 0.4929352003471178)",-6.0
1,Isotropic,2,2,2,4,20,0.04561824729891957,,10,2,2.0825,0.8975,0.49032258064516127,"(0.4894658712303659, 0.4922752509974503)",-6.0
