,d,means_ar,lambda_ar,intensity,alpha_jump,mode_nclus,avg_nclus,avg_nonalloc,num_best_clus,num_sigleton_cl
0,3,0.144794706341704,0.15775,1,0.001,2,2.001,1.059,2,0
1,3,0.14752106286454958,0.20825,10,0.001,2,2.039,10.285,2,0
2,3,0.14508070714834742,0.169625,20,0.001,2,2.285,19.299,2,0
3,4,0.13264604810996564,0.23275,1,0.001,2,2.255,1.208,2,0
4,4,0.12109948156118557,0.22925,10,0.001,4,4.36,10.022,7,0
5,4,0.1264381066562147,0.167,20,0.001,5,4.783,19.275,7,0
