,d,means_ar,lambda_ar,intensity,alpha_jump,mode_nclus,avg_nclus,avg_nonalloc,num_best_clus,num_sigleton_cl
0,3,0.27447571683207533,0.19975,0.1,0.001,5,5.0,0.0,5,0
1,3,0.26127119204568,0.150375,0.5,0.001,5,5.0,0.499,5,0
2,3,0.27383183752673707,0.151375,1.0,0.001,5,5.002,0.9,5,0
3,4,0.21655340561290656,0.21625,0.1,0.001,4,4.0,0.067,4,0
4,4,0.2333803873130707,0.231625,0.5,0.001,5,5.0,0.624,5,0
5,4,0.23083199188515732,0.18725,1.0,0.001,5,5.0,1.094,5,0
