,model,p,dtrue,d,M,npc,means_ar,lambda_ar,intensity,mode_nclus,avg_nclus,avg_nonalloc,ri_best_clus,CI_ris,ranges
0,APPLAM,5,2,2,2,500,0.19729166666666667,,1,2,2.0,1.792,0.8343963963963964,"(0.8296704475921775, 0.830035323779194)",-69.20692037121657
1,Isotropic,5,2,2,2,500,0.28957422782351255,,1,8,7.7492,1.0596,0.6009429429429429,"(0.5953152512022548, 0.5958662118608082)",-69.20692037121657
