,model,p,dtrue,d,M,npc,means_ar,lambda_ar,intensity,mode_nclus,avg_nclus,avg_nonalloc,ri_best_clus,CI_ris,ranges
0,APPLAM,2,1,1,2,1000,0.09853981673604578,,10,5,5.3356,34.8348,0.7183776888444222,"(0.7078257704563612, 0.7090666725651497)",-31.72255583993341
1,Isotropic,2,1,1,2,1000,0.13586958276168187,,10,5,5.2552,35.2168,0.718144072036018,"(0.7094829283194503, 0.7106092141517854)",-31.72255583993341
