,model,p,dtrue,d,M,npc,means_ar,lambda_ar,intensity,mode_nclus,avg_nclus,avg_nonalloc,ari_best_clus,CI_aris,ranges
0,APPLAM,2,2,2,4,500,0.13877126298903067,,10,2,2.0576,4.6484,0.4263877475066674,"(0.4162638621970387, 0.41702736279376096)",-10.0
1,Isotropic,2,2,2,4,500,0.08266164487953573,,10,2,2.0688,3.68,0.42265821143034904,"(0.4151764370609387, 0.4160401276097088)",-10.0
