,model,p,dtrue,d,M,npc,means_ar,lambda_ar,intensity,mode_nclus,avg_nclus,avg_nonalloc,ari_best_clus,CI_aris,ranges
0,APPLAM,2,1,1,2,400,0.18510512870898016,,50,3,2.518,3.738,0.940825939849624,"(0.7832447611241634, 0.8093795481170686)",-7.987171974827814
1,Isotropic,2,1,1,2,400,0.21134175691937424,,50,4,3.912,1.46,0.6926956567343653,"(0.6315844513266162, 0.6499813896908266)",-7.987171974827814
