,model,p,dtrue,d,M,npc,means_ar,lambda_ar,intensity,mode_nclus,avg_nclus,avg_nonalloc,ri_best_clus,CI_ris,ranges
0,APPLAM,2,2,2,2,250,0.10009166666666666,,1,2,2.0,1.8064,1.0,"(0.997668103401951, 0.9978912905860251)",-24.05823759736272
1,Isotropic,2,2,2,2,250,0.15447672392033365,,1,3,3.0,1.3344,0.8906052104208417,"(0.8943127023667969, 0.8961899284949264)",-24.05823759736272
