,model,p,d,M,npc,conc_dir,mode_nclus,avg_nclus,ari_best_clus,CI_aris
0,Lamb,500,4,4,100,100,5,6.0912,0.9966694212806451,"(0.9878790336997203, 0.988581425467788)"
