,n_dataset,model,p,d,M,npc,means_ar,lambda_ar,intensity,mode_nclus,avg_nclus,avg_nonalloc,ari_best_clus,CI_aris
0,0,APPLAM,500,4,4,50,0.10291273182387074,0.10585714285714286,0.5,10,9.578,0.4288,0.334870230118672,"(0.38225464971378, 0.38707712602235267)"
1,0,APPLAM,500,4,4,50,0.09053942884005171,0.10371428571428572,1.0,11,11.7448,0.8056,0.28468702369298937,"(0.3602673984981022, 0.3652235342496367)"
2,0,APPLAM,500,4,4,50,0.07559668697825625,0.12571428571428572,5.0,18,17.3604,4.314,0.27951868094858073,"(0.3058000600972066, 0.30892496046513196)"
