,n_dataset,model,p,d,M,npc,conc_dir,mode_nclus,avg_nclus,ari_best_clus,CI_aris
0,0,Lamb,500,4,4,50,0.1,20,22.625,0.42877688775201744,"(0.38735950515336787, 0.4669365489686514)"
1,0,Lamb,500,4,4,50,0.5,20,20.625,0.37600193933623244,"(0.3755130833871893, 0.42735771879063494)"
2,0,Lamb,500,4,4,50,1.0,25,24.375,0.3605856314032892,"(0.35674708198348604, 0.393003811438989)"
