,model,p,dtrue,d,M,npc,means_ar,lambda_ar,intensity,mode_nclus,avg_nclus,avg_nonalloc,ri_best_clus,CI_ris,ranges
0,APPLAM,2,1,1,2,500,0.1788398410504492,,10,5,4.89,38.334,0.6902122122122122,"(0.7157065842722229, 0.7188356539660151)",-28.711714600822503
1,Isotropic,2,1,1,2,500,0.27962518720759166,,10,8,9.17,39.054,0.6321701701701702,"(0.6255015379904469, 0.6275134449925359)",-28.711714600822503
