,n_dataset,model,p,d,M,npc,conc_dir,mode_nclus,avg_nclus,ari_best_clus,CI_aris
0,0,Lamb,500,2,4,50,0.1,23,22.25,0.33051894381970987,"(0.3227479217893125, 0.4255488451085255)"
1,0,Lamb,500,2,4,50,0.5,21,20.25,0.321906373636426,"(0.315129448458906, 0.4025528600901702)"
2,0,Lamb,500,2,4,50,1.0,18,19.375,0.39497199955795537,"(0.32344487421902923, 0.38906106818050346)"
