,n_dataset,model,p,d,M,npc,means_ar,lambda_ar,intensity,mode_nclus,avg_nclus,avg_nonalloc,ari_best_clus,CI_aris
0,0,APPLAM,500,2,4,50,0.07435797737414135,0.22085714285714286,0.5,8,7.654,0.046,0.6170573911947108,"(0.5922940493656327, 0.5950303957701472)"
1,0,APPLAM,500,2,4,50,0.07974967644697827,0.23614285714285715,1.0,8,8.7336,0.3552,0.6082013922146274,"(0.5754957220338472, 0.5783900023145574)"
2,0,APPLAM,500,2,4,50,0.09846116693722581,0.17057142857142857,5.0,10,10.6264,3.4808,0.5893332110428322,"(0.5128423297822068, 0.5162817064940656)"
