,model,p,dtrue,d,M,npc,means_ar,lambda_ar,intensity,mode_nclus,avg_nclus,avg_nonalloc,ari_best_clus,CI_aris,ranges
0,APPLAM,2,1,1,1,200,0.3766193707587909,,10,1,1.016,2.808,1.0,"(0.9730018249083761, 0.9949981750916239)",-29.212470215467835
1,Isotropic,2,1,1,1,200,0.3766193707587909,,10,1,1.016,2.808,1.0,"(0.9730018249083761, 0.9949981750916239)",-29.212470215467835
