,model,p,dtrue,d,M,npc,means_ar,lambda_ar,intensity,mode_nclus,avg_nclus,avg_nonalloc,ri_best_clus,CI_ris,ranges
0,APPLAM,100,2,2,2,500,0.2608721957358244,0.19767272727272728,1,3,3.0,0.4204,0.8176676676676676,"(0.818618504012986, 0.8187626739649921)",-50.0
1,Isotropic,100,2,2,2,500,0.2826945684088541,0.09870909090909091,1,8,8.0,1.3944,0.6128488488488488,"(0.6131714360536281, 0.6132682436260516)",-50.0
