,model,p,dtrue,d,M,npc,means_ar,lambda_ar,intensity,mode_nclus,avg_nclus,avg_nonalloc,ri_best_clus,CI_ris,ranges
0,APPLAM,100,2,2,2,500,0.1127879808737231,0.14516363636363636,1,9,9.0,0.0172,0.6011751751751752,"(0.6009520630655211, 0.6010378628604048)",-22.66292453756285
1,Isotropic,100,2,2,2,500,0.1547161275729473,0.09932727272727272,1,24,24.0,0.962,0.5422602602602603,"(0.5421188759605673, 0.542208515430824)",-22.66292453756285
