,model,p,dtrue,d,M,npc,means_ar,lambda_ar,intensity,mode_nclus,avg_nclus,avg_nonalloc,ri_best_clus,CI_ris,ranges
0,APPLAM,100,2,2,2,500,0.26455761497790126,0.2036909090909091,1,3,3.0,0.4016,0.8207087087087087,"(0.8221294395273709, 0.8223042261382946)",-56.03096349728976
1,Isotropic,100,2,2,2,500,0.27264018411806457,0.10356363636363636,1,7,7.0,1.0944,0.61802002002002,"(0.6196720935289239, 0.6197921435081131)",-56.03096349728976
