,model,p,dtrue,d,M,npc,means_ar,lambda_ar,intensity,mode_nclus,avg_nclus,avg_nonalloc,ri_best_clus,CI_ris,ranges
0,APPLAM,2,2,2,2,500,0.201,,1,2,2.0,1.8076,0.998,"(0.9977708587867775, 0.9978334174894987)",-61.51137004209353
1,Isotropic,2,2,2,2,500,0.24105741272164047,,1,6,5.4164,1.3372,0.7157717717717718,"(0.7121441265150817, 0.7140251755870203)",-61.51137004209353
