,n_dataset,model,p,d,M,npc,means_ar,lambda_ar,intensity,mode_nclus,avg_nclus,avg_nonalloc,ari_best_clus,CI_aris
0,0,APPLAM,500,8,4,50,0.12693063746138725,0.062,0.5,2,2.1756,1.0392,0.4962025316455696,"(0.518135028048631, 0.5232909670278219)"
1,0,APPLAM,500,8,4,50,0.13279225208020734,0.04454545454545455,1.0,2,2.2584,1.696,0.4962025316455696,"(0.5180879413571963, 0.5238957976276976)"
2,0,APPLAM,500,8,4,50,0.10917529934077762,0.05327272727272727,5.0,2,2.2728,5.6,0.4962025316455696,"(0.531117542329187, 0.5372401012543049)"
