,n_dataset,model,p,d,M,npc,means_ar,lambda_ar,intensity,mode_nclus,avg_nclus,avg_nonalloc,ari_best_clus,CI_aris
0,0,APPLAM,500,8,4,50,0.09001768204468735,0.046,0.5,2,2.1056,0.9272,0.4962025316455696,"(0.4984948269399046, 0.5007584276586007)"
1,0,APPLAM,500,8,4,50,0.09190804132064007,0.049,1.0,2,2.374,1.6532,0.4962025316455696,"(0.5095069799980959, 0.5139454078516531)"
2,0,APPLAM,500,8,4,50,0.08673263327948304,0.044,5.0,2,2.4468,5.5444,0.4962025316455696,"(0.5072707091353563, 0.5111337935189499)"
