,n_dataset,model,p,d,M,npc,conc_dir,mode_nclus,avg_nclus,ari_best_clus,CI_aris
0,0,Lamb,500,8,4,50,0.1,15,16.875,0.690478139581746,"(0.6228983168661266, 0.7689960984064625)"
1,0,Lamb,500,8,4,50,0.5,14,16.0,0.9132193075783424,"(0.8185469592495411, 0.9206421712441752)"
2,0,Lamb,500,8,4,50,1.0,16,18.75,0.839740601025728,"(0.706101060977113, 0.8458057422147673)"
