,model,p,dtrue,d,M,npc,means_ar,lambda_ar,intensity,mode_nclus,avg_nclus,avg_nonalloc,ri_best_clus,CI_ris,ranges
0,APPLAM,100,2,2,2,500,0.19625,,1,2,2.0,1.7988,0.9342462462462462,"(0.9340614524814074, 0.9342737963674416)",-56.03096349728976
1,Isotropic,100,2,2,2,500,0.2752047102503699,,1,8,7.5052,1.2924,0.6363503503503504,"(0.6337467715374028, 0.6344491908249597)",-56.03096349728976
