,model,p,dtrue,d,M,npc,means_ar,lambda_ar,intensity,mode_nclus,avg_nclus,avg_nonalloc,ri_best_clus,CI_ris,ranges
0,APPLAM,100,2,2,2,500,0.192725,,1,2,2.0,1.8344,0.8102822822822823,"(0.8080926111025789, 0.8084920375460699)",-71.99879571871298
1,Isotropic,100,2,2,2,500,0.3063407534642849,,1,7,7.2052,1.2596,0.6041781781781782,"(0.5991229581449941, 0.5996752400532043)",-71.99879571871298
