,model,p,dtrue,d,M,npc,means_ar,lambda_ar,intensity,mode_nclus,avg_nclus,avg_nonalloc,ri_best_clus,CI_ris,ranges
0,APPLAM,100,2,2,2,500,0.19401666666666667,,1,2,2.0,1.7956,0.8087067067067067,"(0.808428140475099, 0.8088254042696457)",-73.93390686943206
1,Isotropic,100,2,2,2,500,0.2682024697110904,,1,8,8.0888,1.3424,0.5847767767767768,"(0.5866659690188083, 0.5870513515017122)",-73.93390686943206
