,n_dataset,model,p,d,M,npc,conc_dir,mode_nclus,avg_nclus,ari_best_clus,CI_aris
0,0,Lamb,1000,8,4,50,0.1,13,14.375,0.513521720764294,"(0.42513896465412376, 0.510032863256497)"
1,0,Lamb,1000,8,4,50,0.5,13,14.375,0.513521720764294,"(0.42513896465412376, 0.510032863256497)"
2,0,Lamb,1000,8,4,50,1.0,13,14.375,0.513521720764294,"(0.42513896465412376, 0.510032863256497)"
