,n_dataset,model,p,d,M,npc,means_ar,lambda_ar,intensity,mode_nclus,avg_nclus,avg_nonalloc,ari_best_clus,CI_aris
0,0,APPLAM,1000,8,4,50,0.21495904391029946,0.019666666666666666,0.5,3,2.904,1.125,0.4962025316455696,"(0.5807752587637351, 0.5871049204815824)"
1,0,APPLAM,1000,8,4,50,0.20638006987695579,0.024833333333333332,1.0,2,2.4666,1.6022,0.4962025316455696,"(0.5481856036571011, 0.5533721420198088)"
2,0,APPLAM,1000,8,4,50,0.14555051427125323,0.02175,5.0,4,4.6126,5.327,0.625378131410156,"(0.6384287842892244, 0.6417369193709344)"
