,model,p,dtrue,d,M,npc,means_ar,lambda_ar,intensity,mode_nclus,avg_nclus,avg_nonalloc,ri_best_clus,CI_ris,ranges
0,APPLAM,2,1,1,2,100,0.15506784310817825,,1,3,2.6592,19.5792,0.99,"(0.9266795849906777, 0.9305185657630912)",-6.1917004048562205
1,Isotropic,2,1,1,2,100,0.15814619798373886,,1,2,2.0,0.1276,0.99,"(0.9882818144963161, 0.9886644769609703)",-6.1917004048562205
