,model,p,dtrue,d,M,npc,means_ar,lambda_ar,intensity,mode_nclus,avg_nclus,avg_nonalloc,ri_best_clus,CI_ris,ranges
0,APPLAM,2,1,1,2,250,0.13227729791085588,,10,4,3.8864,33.4624,0.8245851703406814,"(0.7656337042615504, 0.7690513650771267)",-28.877362775133587
1,Isotropic,2,1,1,2,250,0.19012519161982627,,10,4,3.778,34.5872,0.721370741482966,"(0.7590592100070155, 0.7619093382895776)",-28.877362775133587
