,model,p,dtrue,d,M,npc,means_ar,lambda_ar,intensity,mode_nclus,avg_nclus,avg_nonalloc,ri_best_clus,CI_ris,ranges
0,APPLAM,2,2,2,2,100,0.19976666666666668,,1,2,2.0,1.7744,0.99,"(0.9868663028311141, 0.9872535363648657)",-20.13368530852459
1,Isotropic,2,2,2,2,100,0.24880871792829742,,1,3,3.0,1.2664,0.8837688442211056,"(0.8734478562637097, 0.8751311990126723)",-20.13368530852459
