,n_dataset,model,p,d,M,npc,means_ar,lambda_ar,intensity,mode_nclus,avg_nclus,avg_nonalloc,ari_best_clus,CI_aris
0,0,APPLAM,1000,8,4,50,0.194138361922072,0.028142857142857143,0.5,2,2.1708,0.9852,0.4962025316455696,"(0.5034863345605042, 0.5069947805537939)"
1,0,APPLAM,1000,8,4,50,0.193013683390811,0.027857142857142858,1.0,2,2.228,1.6928,0.4962025316455696,"(0.5129576597398694, 0.5170003915147311)"
2,0,APPLAM,1000,8,4,50,0.18136230672795653,0.024857142857142855,5.0,2,2.5112,5.6648,0.4962025316455696,"(0.5311928128071496, 0.5372986478014742)"
