,n_dataset,model,p,d,M,npc,means_ar,lambda_ar,intensity,mode_nclus,avg_nclus,avg_nonalloc,ari_best_clus,CI_aris
0,0,APPLAM,1000,8,4,50,0.16937535330695308,0.034545454545454546,0.5,2,2.1688,1.1792,0.4962025316455696,"(0.49433825603638776, 0.4959673465770222)"
1,0,APPLAM,1000,8,4,50,0.17116997204844936,0.046181818181818185,1.0,2,2.3168,1.6528,0.4962025316455696,"(0.4875818433722026, 0.4901277139049515)"
2,0,APPLAM,1000,8,4,50,0.179972340960523,0.038,5.0,2,2.4556,5.6156,0.4962025316455696,"(0.5069400667673984, 0.511318820005606)"
