,n_dataset,model,p,d,M,npc,conc_dir,mode_nclus,avg_nclus,ari_best_clus,CI_aris
0,0,Lamb,1000,8,4,50,0.1,18,21.25,0.7195109822313805,"(0.49910515922431387, 0.669176023497692)"
1,0,Lamb,1000,8,4,50,0.5,21,20.75,0.710776799234224,"(0.6402837036600693, 0.7324240414163192)"
2,0,Lamb,1000,8,4,50,1.0,28,26.625,0.5376967229224094,"(0.5249074138684685, 0.6375991084854006)"
