,n_dataset,model,p,d,M,npc,conc_dir,mode_nclus,avg_nclus,ari_best_clus,CI_aris
0,0,Lamb,1000,8,4,50,0.1,20,22.125,0.5996356022793683,"(0.5835939420564391, 0.7112554031092047)"
1,0,Lamb,1000,8,4,50,0.5,24,22.75,0.7350813219887712,"(0.5315950207271812, 0.6691357365508174)"
2,0,Lamb,1000,8,4,50,1.0,20,22.375,0.7835227277016534,"(0.7337688473905775, 0.7934281761551885)"
