,model,p,dtrue,d,M,npc,means_ar,lambda_ar,intensity,mode_nclus,avg_nclus,avg_nonalloc,ri_best_clus,CI_ris,ranges
0,APPLAM,2,1,1,1,1000,0.20413423883408516,,10,4,3.628,34.908,0.370992992992993,"(0.402763314543338, 0.414345714485691)",-20.64604288601864
1,Isotropic,2,1,1,1,1000,0.2679925548049083,,10,6,6.474,34.71,0.2382122122122122,"(0.24571776068076787, 0.2486893344143272)",-20.64604288601864
